Bâtiment,Taux de complétion (%)
Bellecombe,99.61100005402777
Entre-Lacs,99.27253980982931
La Source,95.92313684757205
